{"train_loss": 1.709694266319275, "val_acc": 0.46078816056251526, "val_loss": 1.5352622270584106, "test_acc": 0.47900390625, "test_loss": 1.4916651248931885}